<?xml version="1.0" encoding="UTF-8"?>
<!-- Don't edit anything above this line! -->

<Study id="ratlifflab.uflliz.sjo3" datagroup="research">
	
<Definitions>
		
<Task id="startpage">/common/en-us/html/Instructions.jsp</Task>
<Task id="consent">consent.html</Task>

<Task id="realstart">realstart.html</Task>

	<Task id="goalpost1ahistatus">goalpost1a.html</Task>
	<Task id="goalpost1bhistatus">goalpost1b.html</Task>

	<Task id="crimethreatlo">crimethreat.jsp</Task>	
	<Task id="retribjorientlo">retribjorient.jsp</Task>	
	<Task id="statusresmotlo">statusresmot.jsp</Task>	
	
	
<Task id="goalpost1c">goalpost1c.html</Task>
<Task id="ladder">ladder.html</Task>
<Task id="criminalmcheck1">criminalmcheck1.jsp</Task>
<Task id="criminalmcheck2">criminalmcheck2.jsp</Task>

	
<Task id="goalpost2">goalpost2.html</Task>
				
		<Task id="iatinstructions">iatinstructions.html</Task>
		<Task id="raceiata" file="raceiata.xml" properties="iatdefaults.xml">/common/all/js/iatjs/iattaskj.jsp</Task>
		<Task id="raceiatb" file="raceiatb.xml" properties="iatdefaults.xml">/common/all/js/iatjs/iattaskj.jsp</Task>
	
	<Task id="debriefing">debriefing.jsp</Task>		
	<Task id="lastpage">lastpage.html</Task>
		
</Definitions>






<Map>
	
	
<Task id="startpage">/common/en-us/html/Instructions.jsp</Task>
<Task id="consent">consent.html</Task>

<Task id="realstart">realstart.html</Task>
	

<Branch id = "counterbalance" type = "group" select = "2">
	<Branch id = "justicefirst" type = "group">
		<Task id="goalpost1ahistatus">goalpost1a.html</Task>
			<Task id="crimethreatlo">crimethreat.jsp</Task>	
		<Task id="goalpost1bhistatus">goalpost1b.html</Task>
			<Task id="retribjorientlo">retribjorient.jsp</Task>	
			<Task id="statusresmotlo">statusresmot.jsp</Task>
	</Branch>

	<Branch id = "sdo first" type = "group">
		<Task id="goalpost1c">goalpost1c.html</Task>
			<Task id="sdo">sdo.jsp</Task>
	</Branch>
</Branch>	
	

<Task id="goalpost1d">goalpost1d.html</Task>
<Task id="ladder">ladder.html</Task>
<Task id="criminalmcheck1">criminalmcheck1.jsp</Task>
	<Task id="criminalmcheck2">criminalmcheck2.jsp</Task>

<Task id="goalpost2">goalpost2.html</Task>

<Branch id = "whichiat" type = "group" select = "1">
	<Task id="raceiata" file="raceiata.xml" properties="iatdefaults.xml">/common/all/js/iatjs/iattaskj.jsp</Task>
	<Task id="raceiatb" file="raceiatb.xml" properties="iatdefaults.xml">/common/all/js/iatjs/iattaskj.jsp</Task>
</Branch>	

<Task id="lastpage">lastpage.html</Task>
<Task id="debriefing">debriefing.jsp</Task>


	

</Map>
</Study>